{"cameraMode":{"drawMode":0,"name":"Shaded","section":"Shading Mode"},"sceneLighting":true,"audioPlay":false,"sceneViewState":{"showFog":true,"showMaterialUpdate":true,"showSkybox":true,"showFlares":true,"showImageEffects":true,"showParticleSystems":true},"in2DMode":false,"pivot":{"x":2.0531673431396486,"y":2.8031444549560549,"z":-3.7319202423095705},"rotation":{"x":-0.05574795603752136,"y":0.9371334910392761,"z":-0.17664581537246705,"w":-0.2957521378993988},"size":32.26937484741211,"orthographic":false}