{"cameraMode":{"drawMode":0,"name":"Shaded","section":"Shading Mode"},"sceneLighting":false,"audioPlay":false,"sceneViewState":{"showFog":true,"showMaterialUpdate":true,"showSkybox":true,"showFlares":true,"showImageEffects":true,"showParticleSystems":true},"in2DMode":false,"pivot":{"x":0.0,"y":0.3700000047683716,"z":0.019999995827674867},"rotation":{"x":-0.05574795603752136,"y":0.9371334910392761,"z":-0.17664581537246705,"w":-0.2957521378993988},"size":1.4662808179855347,"orthographic":false}