{"cameraMode":{"drawMode":0,"name":"Shaded","section":"Shading Mode"},"sceneLighting":false,"audioPlay":false,"sceneViewState":{"showFog":true,"showMaterialUpdate":false,"showSkybox":true,"showFlares":true,"showImageEffects":true,"showParticleSystems":true},"in2DMode":false,"pivot":{"x":-1.6856502294540406,"y":0.41634321212768557,"z":-0.004047971218824387},"rotation":{"x":-0.4913494288921356,"y":0.20184144377708436,"z":-0.1182108148932457,"w":-0.8389652967453003},"size":18.892988204956056,"orthographic":false}