{"cameraMode":{"drawMode":0,"name":"Shaded","section":"Shading Mode"},"sceneLighting":false,"audioPlay":false,"sceneViewState":{"showFog":true,"showMaterialUpdate":false,"showSkybox":true,"showFlares":true,"showImageEffects":true,"showParticleSystems":true},"in2DMode":false,"pivot":{"x":-6.906102180480957,"y":-2.3742856979370119,"z":-3.9998888969421388},"rotation":{"x":-0.05505186319351196,"y":0.8514525890350342,"z":-0.09129472821950913,"w":-0.5135149955749512},"size":13.695775985717774,"orthographic":false}