{"cameraMode":{"drawMode":0,"name":"Shaded","section":"Shading Mode"},"sceneLighting":false,"audioPlay":false,"sceneViewState":{"showFog":true,"showMaterialUpdate":false,"showSkybox":true,"showFlares":true,"showImageEffects":true,"showParticleSystems":true},"in2DMode":false,"pivot":{"x":2.463137626647949,"y":2.0744500160217287,"z":3.470811367034912},"rotation":{"x":-0.06784512847661972,"y":0.8730363845825195,"z":-0.1271369457244873,"w":-0.46589022874832156},"size":18.76468276977539,"orthographic":false}