{"cameraMode":{"drawMode":0,"name":"Shaded","section":"Shading Mode"},"sceneLighting":false,"audioPlay":false,"sceneViewState":{"showFog":true,"showMaterialUpdate":false,"showSkybox":true,"showFlares":true,"showImageEffects":true,"showParticleSystems":true},"in2DMode":false,"pivot":{"x":-4.170000076293945,"y":3.2400002479553224,"z":-0.26999998092651369},"rotation":{"x":-0.2700549364089966,"y":0.3602195084095001,"z":-0.10977720469236374,"w":-0.8861495852470398},"size":15.108092308044434,"orthographic":false}