{"cameraMode":{"drawMode":0,"name":"Shaded","section":"Shading Mode"},"sceneLighting":false,"audioPlay":false,"sceneViewState":{"showFog":true,"showMaterialUpdate":false,"showSkybox":true,"showFlares":true,"showImageEffects":true,"showParticleSystems":true},"in2DMode":false,"pivot":{"x":0.22623252868652345,"y":1.874992847442627,"z":-0.4266462028026581},"rotation":{"x":-0.3216376006603241,"y":0.19327639043331147,"z":-0.06725754588842392,"w":-0.9244994521141052},"size":9.673669815063477,"orthographic":false}