{"cameraMode":{"drawMode":0,"name":"Shaded","section":"Shading Mode"},"sceneLighting":false,"audioPlay":false,"sceneViewState":{"showFog":true,"showMaterialUpdate":false,"showSkybox":true,"showFlares":true,"showImageEffects":true,"showParticleSystems":true},"in2DMode":false,"pivot":{"x":1.7899999618530274,"y":0.5,"z":-0.2199999988079071},"rotation":{"x":-0.2700549364089966,"y":0.3602195084095001,"z":-0.10977720469236374,"w":-0.8861495852470398},"size":5.7437944412231449,"orthographic":false}