{"cameraMode":{"drawMode":0,"name":"Shaded","section":"Shading Mode"},"sceneLighting":false,"audioPlay":false,"sceneViewState":{"showFog":true,"showMaterialUpdate":false,"showSkybox":true,"showFlares":true,"showImageEffects":true,"showParticleSystems":true},"in2DMode":false,"pivot":{"x":0.22623252868652345,"y":1.874992847442627,"z":-0.4266462028026581},"rotation":{"x":-0.38102027773857119,"y":0.0615001916885376,"z":-0.025426752865314485,"w":-0.9221854209899902},"size":9.673669815063477,"orthographic":false}