{"cameraMode":{"drawMode":0,"name":"Shaded","section":"Shading Mode"},"sceneLighting":false,"audioPlay":false,"sceneViewState":{"showFog":true,"showMaterialUpdate":false,"showSkybox":true,"showFlares":true,"showImageEffects":true,"showParticleSystems":true},"in2DMode":false,"pivot":{"x":-3.6500000953674318,"y":2.1800003051757814,"z":0.0},"rotation":{"x":-0.2700549364089966,"y":0.3602195084095001,"z":-0.10977720469236374,"w":-0.8861495852470398},"size":11.673295974731446,"orthographic":false}