{"cameraMode":{"drawMode":0,"name":"Shaded","section":"Shading Mode"},"sceneLighting":true,"audioPlay":false,"sceneViewState":{"showFog":true,"showMaterialUpdate":false,"showSkybox":true,"showFlares":true,"showImageEffects":true,"showParticleSystems":true},"in2DMode":false,"pivot":{"x":-16.963958740234376,"y":2.46588134765625,"z":-7.481708526611328},"rotation":{"x":-0.30603885650634768,"y":0.08467482775449753,"z":-0.0273393914103508,"w":-0.9478520750999451},"size":61.67771530151367,"orthographic":false}