{"cameraMode":{"drawMode":0,"name":"Shaded","section":"Shading Mode"},"sceneLighting":false,"audioPlay":false,"sceneViewState":{"showFog":true,"showMaterialUpdate":false,"showSkybox":true,"showFlares":true,"showImageEffects":true,"showParticleSystems":true},"in2DMode":false,"pivot":{"x":-2.0042126178741457,"y":3.0396299362182619,"z":2.4365410804748537},"rotation":{"x":-0.05028834193944931,"y":0.6104589104652405,"z":-0.03888264670968056,"w":-0.7895022630691528},"size":12.198594093322754,"orthographic":false}