{"cameraMode":{"drawMode":0,"name":"Shaded","section":"Shading Mode"},"sceneLighting":false,"audioPlay":false,"sceneViewState":{"showFog":true,"showMaterialUpdate":true,"showSkybox":false,"showFlares":true,"showImageEffects":true,"showParticleSystems":true},"in2DMode":false,"pivot":{"x":-14.915285110473633,"y":3.220658779144287,"z":-6.7784528732299809},"rotation":{"x":0.06554973125457764,"y":-0.8499987721443176,"z":0.10896091908216477,"w":0.5112385153770447},"size":23.249422073364259,"orthographic":false}