{"cameraMode":{"drawMode":0,"name":"Shaded","section":"Shading Mode"},"sceneLighting":false,"audioPlay":false,"sceneViewState":{"showFog":true,"showMaterialUpdate":true,"showSkybox":true,"showFlares":true,"showImageEffects":true,"showParticleSystems":true},"in2DMode":false,"pivot":{"x":-4.042150974273682,"y":3.2400002479553224,"z":-0.2699989080429077},"rotation":{"x":0.22479626536369325,"y":-0.6122128963470459,"z":0.18741419911384583,"w":0.7346259951591492},"size":19.26453971862793,"orthographic":false}