{"cameraMode":{"drawMode":0,"name":"Shaded","section":"Shading Mode"},"sceneLighting":false,"audioPlay":false,"sceneViewState":{"showFog":true,"showMaterialUpdate":true,"showSkybox":true,"showFlares":true,"showImageEffects":true,"showParticleSystems":true},"in2DMode":false,"pivot":{"x":-0.5228581428527832,"y":1.4649103879928589,"z":7.826503753662109},"rotation":{"x":-0.09300385415554047,"y":0.06029700115323067,"z":-0.005642635282129049,"w":-0.993822455406189},"size":6.881591796875,"orthographic":false}