{"cameraMode":{"drawMode":0,"name":"Shaded","section":"Shading Mode"},"sceneLighting":false,"audioPlay":false,"sceneViewState":{"showFog":true,"showMaterialUpdate":true,"showSkybox":true,"showFlares":true,"showImageEffects":true,"showParticleSystems":true},"in2DMode":false,"pivot":{"x":-3.6500000953674318,"y":2.1800003051757814,"z":0.0},"rotation":{"x":0.22479626536369325,"y":-0.6122128963470459,"z":0.18741419911384583,"w":0.7346259951591492},"size":8.963874816894532,"orthographic":false}