{"cameraMode":{"drawMode":0,"name":"Shaded","section":"Shading Mode"},"sceneLighting":false,"audioPlay":false,"sceneViewState":{"showFog":true,"showMaterialUpdate":true,"showSkybox":true,"showFlares":true,"showImageEffects":true,"showParticleSystems":true},"in2DMode":false,"pivot":{"x":-4.170000076293945,"y":3.2400002479553224,"z":-0.26999998092651369},"rotation":{"x":0.22479626536369325,"y":-0.6122128963470459,"z":0.18741419911384583,"w":0.7346259951591492},"size":15.108092308044434,"orthographic":false}