{"cameraMode":{"drawMode":0,"name":"Shaded","section":"Shading Mode"},"sceneLighting":false,"audioPlay":false,"sceneViewState":{"showFog":true,"showMaterialUpdate":true,"showSkybox":true,"showFlares":true,"showImageEffects":true,"showParticleSystems":true},"in2DMode":false,"pivot":{"x":5.292848587036133,"y":1.5182303190231324,"z":-0.027051448822021486},"rotation":{"x":0.22479626536369325,"y":-0.6122128963470459,"z":0.18741419911384583,"w":0.7346259951591492},"size":10.172723770141602,"orthographic":false}