{"cameraMode":{"drawMode":0,"name":"Shaded","section":"Shading Mode"},"sceneLighting":false,"audioPlay":false,"sceneViewState":{"showFog":true,"showMaterialUpdate":true,"showSkybox":true,"showFlares":true,"showImageEffects":true,"showParticleSystems":true},"in2DMode":false,"pivot":{"x":-0.07715106010437012,"y":1.5182303190231324,"z":-0.027051448822021486},"rotation":{"x":0.3418448865413666,"y":0.05610939860343933,"z":-0.020372729748487474,"w":0.9379307627677918},"size":10.172724723815918,"orthographic":false}