{"cameraMode":{"drawMode":0,"name":"Shaded","section":"Shading Mode"},"sceneLighting":false,"audioPlay":false,"sceneViewState":{"showFog":true,"showMaterialUpdate":true,"showSkybox":true,"showFlares":true,"showImageEffects":true,"showParticleSystems":true},"in2DMode":false,"pivot":{"x":-0.18479028344154359,"y":1.092226505279541,"z":-8.21358585357666},"rotation":{"x":-0.14674817025661469,"y":0.019878234714269639,"z":-0.0029495959170162679,"w":-0.988969624042511},"size":6.284719467163086,"orthographic":false}