{"cameraMode":{"drawMode":0,"name":"Shaded","section":"Shading Mode"},"sceneLighting":false,"audioPlay":false,"sceneViewState":{"showFog":true,"showMaterialUpdate":true,"showSkybox":false,"showFlares":true,"showImageEffects":true,"showParticleSystems":true},"in2DMode":false,"pivot":{"x":50.849998474121097,"y":4.070000171661377,"z":16.780000686645509},"rotation":{"x":0.2708902060985565,"y":0.2733076214790344,"z":-0.08052325993776322,"w":0.9195080399513245},"size":0.87004154920578,"orthographic":false}