{"cameraMode":{"drawMode":0,"name":"Shaded","section":"Shading Mode"},"sceneLighting":false,"audioPlay":false,"sceneViewState":{"showFog":true,"showMaterialUpdate":true,"showSkybox":false,"showFlares":true,"showImageEffects":true,"showParticleSystems":true},"in2DMode":false,"pivot":{"x":19.651418685913087,"y":-18.6462459564209,"z":-3.3726158142089845},"rotation":{"x":0.014686902984976769,"y":-0.9411845207214356,"z":0.33505257964134219,"w":0.04125623777508736},"size":135.30374145507813,"orthographic":false}